{"count":1,"self":25.892689599999997,"total":111.2229327,"children":{"InitializeActuators":{"count":3,"self":0,"total":0,"children":null},"InitializeSensors":{"count":3,"self":0.0015061999999999999,"total":0.0015061999999999999,"children":null},"AgentSendState":{"count":76534,"self":0.064503499999999991,"total":3.42358,"children":{"CollectObservations":{"count":15307,"self":0.024113299999999997,"total":0.024113299999999997,"children":null},"WriteActionMask":{"count":15307,"self":0.0110385,"total":0.0110385,"children":null},"RequestDecision":{"count":15307,"self":0.048574599999999996,"total":3.3239247,"children":{"AgentInfo.ToProto":{"count":15307,"self":0.0432534,"total":3.2753501,"children":{"GenerateSensorData":{"count":15307,"self":3.2320968,"total":3.2320967,"children":null}}}}}}},"DecideAction":{"count":76534,"self":66.943251199999992,"total":66.9432485,"children":null},"AgentAct":{"count":76534,"self":13.202084,"total":14.9619082,"children":{"AgentInfo.ToProto":{"count":8502,"self":0.0295501,"total":1.7598243999999998,"children":{"GenerateSensorData":{"count":8502,"self":1.7302743999999999,"total":1.7302742999999998,"children":null}}}}}},"gauges":{"test.CumulativeReward":{"count":8502,"max":9.29,"min":-0.049999997,"runningAverage":0.102078341,"value":-0.049999997,"weightedAverage":-0.04365851}},"metadata":{"timer_format_version":"0.1.0","start_time_seconds":"1702920653","unity_version":"2022.3.10f1","command_line_arguments":"C:\\Program Files\\Unity\\Hub\\Editor\\2022.3.10f1\\Editor\\Unity.exe -projectpath C:\\Users\\82105\\Documents\\GitHub\\Capstone\\Guardians -useHub -hubIPC -cloudEnvironment production -licensingIpc LicenseClient-82105 -hubSessionId 7533872f-551d-4c9f-9628-0a4c911705ca -accessToken aa6cb5ZcciqDZbK3Tf4OKZHjEDjY1BXEK9Bkkl6jbRU00df","communication_protocol_version":"1.5.0","com.unity.ml-agents_version":"2.0.1","scene_name":"CombatScene2 1","end_time_seconds":"1702920764"}}