{"count":1,"self":221.5976192,"total":223.0823055,"children":{"InitializeActuators":{"count":1,"self":0.0009973,"total":0.0009973,"children":null},"InitializeSensors":{"count":1,"self":0.0019943,"total":0.0019943,"children":null},"AgentSendState":{"count":10877,"self":0.0253265,"total":0.6415636,"children":{"CollectObservations":{"count":2176,"self":0.0069723999999999993,"total":0.0069723999999999993,"children":null},"WriteActionMask":{"count":2176,"self":0.0019947999999999997,"total":0.0019947999999999997,"children":null},"RequestDecision":{"count":2176,"self":0.60726989999999992,"total":0.60726989999999992,"children":null}}},"DecideAction":{"count":10877,"self":0.47836439999999997,"total":0.47836439999999997,"children":null},"AgentAct":{"count":10877,"self":0.36076969999999997,"total":0.36076969999999997,"children":null}},"gauges":{"test.CumulativeReward":{"count":312,"max":1.09,"min":-0.049999997,"runningAverage":0.004775642,"value":0,"weightedAverage":1.816396E-05}},"metadata":{"timer_format_version":"0.1.0","start_time_seconds":"1702800909","unity_version":"2022.3.10f1","command_line_arguments":"C:\\Program Files\\Unity\\Hub\\Editor\\2022.3.10f1\\Editor\\Unity.exe -projectpath G:\\20193425\\github desktop\\Capstone\\Guardians -useHub -hubIPC -cloudEnvironment production -licensingIpc LicenseClient-dd -hubSessionId 7f50a74c-8122-4481-a597-aaa4f2d0d126 -accessToken SCLil_6UyIgyq4ijPU4HOEjTzGo36iCymZhvWWwjsFg00df","communication_protocol_version":"1.5.0","com.unity.ml-agents_version":"2.0.1","scene_name":"CombatScene2 1","end_time_seconds":"1702801132"}}